name,weight
ma_cross_fast,0.8989468494660423
breakout_ch,0.09130782255157203
ma_cross_slow,0.009745327982385718
